attrs,enc_keylen,cph_len
1, 547, 1048592
2, 838, 1048592
3, 1121, 1048592
4, 1404, 1048592
5, 1687, 1048592
6, 1970, 1048592
7, 2253, 1048592
8, 2536, 1048592
9, 2819, 1048592
10, 3102, 1048592
11, 3385, 1048592
12, 3668, 1048592
13, 3951, 1048592
14, 4234, 1048592
15, 4517, 1048592
16, 4800, 1048592
17, 5083, 1048592
18, 5366, 1048592
19, 5649, 1048592
20, 5932, 1048592
21, 6215, 1048592
22, 6498, 1048592
23, 6781, 1048592
24, 7064, 1048592
25, 7347, 1048592
26, 7630, 1048592
27, 7913, 1048592
28, 8196, 1048592
29, 8479, 1048592
30, 8762, 1048592
31, 9045, 1048592
32, 9328, 1048592
33, 9611, 1048592
34, 9894, 1048592
35, 10177, 1048592
36, 10460, 1048592
37, 10743, 1048592
38, 11026, 1048592
39, 11309, 1048592
40, 11592, 1048592
41, 11875, 1048592
42, 12158, 1048592
43, 12441, 1048592
44, 12724, 1048592
45, 13007, 1048592
46, 13290, 1048592
47, 13573, 1048592
48, 13856, 1048592
49, 14139, 1048592
50, 14422, 1048592
