operation,gas,tx,description
init,2440334,0x2044545a7259bc093389a83c94450fb33c50aee0edd1eb39ab0cb28668ce0dbe,standard
init,2440334,0xb54b5ff4840452d8cc104d807b4881b4f0e4ae4c4392033cc7ad480179082374,standard
request,43293,0x6e73c68323e261ffc64c7f015315992188646ed6bccf0f419a9612f1b55357eb,standard
grant,1648613,0x491ac23f1388e91d69779368cec3f6b1312f689110e4774bc162412e789032a6,standard
policy,48606,0x4ae08442d61077db0489a04d18e68b42fdfd99a142b71f21a029acc36c238482,standard
policy,75207,0x97f22799a54d7341a9c7d69549bbc1f1a701040a687969c438645fee2cbdd4f0,standard
policy,90207,0x236f2a266ed3fb4f31c52c2d9dab44dffd053ba30735dabde91d9bc7e61b6116,standard
policy,21668,0x236f2a266ed3fb4f31c52c2d9dab44dffd053ba30735dabde91d9bc7e61b6116,standard
init,2440334,0x4bd5b787ef3b2562c69d8c6aa9b091644d8b12de6bb03d0cc053aa3769b95167,3 attrs
request,43293,0x559f63c2f4576958651ad4a8b134414cd1af46073387a3d27d50a50e4e66155b,3 attrs
grant,1656777,0x5e5872eb9c755b66c133731fdfd43c09bddf475366d2b9714f2e604a256eaba3,3 attrs
init,2440334,0x29faa8855906a511e7d9efa045bd6c8f283f487acdfe7c5238f11bd9cfd4c154,6 attrs
request,43293,0x126cf81c406fd8680296636346fb815c5ea1c96d7d84e8b427e6375b55a442d4,6 attrs
grant,2873500,0xaf7ccf0f1f6a702c517bb126b4cd30c01ef7b055dfde2ed9d9ae43382c9a6d2d,6 attrs
init,2440334,0xf1a42d442be3556ed319054f86ba8ba97ffdb94d6fc9f3f75a407363989759f2,9 attrs
request,43293,0x5308d02988cc2f55ec25349db44ced77e6e953293260fb452d6cb741773e4dcb,9 attrs
grant,4110745,0x0a58746d33f0699a38c27b5fe03da7be9ffce5fc5abaf6b07e278bb9139b790a,9 attrs
policy,90399,0x216f8bff98b1e679f31da9dbe5049ef645efb5e19ffd593708dae7e3d27259a8,3 attrs
policy,113817,0xf13d3375993a1765f49f7be0220b910bd2603f07551c98203d6c4c6a2429f418,6 attrs
policy,157773,0x6f6c4bc9a67534b4e9d79bab17be863aaee59fbb0c1c8dec4291b46bbea7db0b,9 attrs